<?xml version="1.0" encoding="UTF-8"?>
<project-private xmlns="http://www.netbeans.org/ns/project-private/1">
    <editor-bookmarks xmlns="http://www.netbeans.org/ns/editor-bookmarks/2" lastBookmarkId="0"/>
    <open-files xmlns="http://www.netbeans.org/ns/projectui-open-files/2">
        <group>
            <file>file:/C:/Users/julia/OneDrive/Documentos/1WEB2/java-cruel/web/ingredientes.jsp</file>
            <file>file:/C:/Users/julia/OneDrive/Documentos/1WEB2/java-cruel/src/java/com/ufpr/tads/web2/servlets/NutricionistaServlet.java</file>
        </group>
    </open-files>
</project-private>
